{"107_6.npy": {"num_proposals": 358, "filename": "107_6.npy", "width": 256, "height": 256, "lines_pred": [[108.65487670898438, 256.6844787597656, 108.28118896484375, 99.77278900146484], [86.04522705078125, 98.17754364013672, 254.9866180419922, 48.34620666503906], [86.04522705078125, 98.17754364013672, 0.00040352344512939453, 1.2728427648544312], [86.04522705078125, 98.17754364013672, 9.417533874511719e-06, 16.336563110351562], [86.04522705078125, 98.17754364013672, 13.981477737426758, 16.44686508178711], [86.04522705078125, 98.17754364013672, 81.44705963134766, 256.248291015625], [220.1089630126953, 258.4368591308594, 212.33566284179688, 89.6566162109375], [108.28118896484375, 99.77278900146484, 254.9866180419922, 48.34620666503906], [254.9866180419922, 48.34620666503906, 212.89134216308594, 65.69757080078125]], "lines_label": [0, 3, 3, 0, 0, 1, 0, 0, 0], "lines_valid_score": [0.35720187425613403, 0.9938331246376038, 0.8137481808662415, 0.058205604553222656, 0.2844817042350769, 0.9923133254051208, 0.31204092502593994, 0.06239432096481323, 0.16230976581573486], "lines_label_score": [0.642798125743866, 0.9938329458236694, 0.7997835874557495, 0.9417943954467773, 0.7155182957649231, 0.9923128485679626, 0.6879590749740601, 0.9376056790351868, 0.8376902341842651], "lines_score": [[0.642798125743866, 0.3569960594177246, 3.729117015183192e-09, 4.87737104037933e-08, 0.00020573145593516529, 2.8506814686579673e-08], [0.006166892591863871, 6.013100772861435e-08, 5.477065741048281e-13, 0.9938329458236694, 1.940528765237079e-13, 2.6397201120390258e-17], [0.18625180423259735, 0.012150195427238941, 0.0018144079949706793, 0.7997835874557495, 5.793567292577961e-10, 1.1554449758088836e-10], [0.9417943954467773, 9.757396810528007e-07, 6.408186425943541e-09, 0.05820464342832565, 1.5433530842212662e-10, 2.0154590496535008e-10], [0.7155182957649231, 0.00032148751779459417, 2.291948401900168e-11, 0.28416022658348083, 7.615034158803269e-10, 2.7224165779246405e-14], [0.007686661556363106, 0.9923128485679626, 3.7928380054730315e-12, 4.5433110607007166e-09, 4.978401193511672e-07, 2.948395057966605e-15], [0.6879590749740601, 0.0007364039192907512, 6.315929446110147e-10, 1.87174702404036e-08, 2.6275200070813298e-05, 0.31127825379371643], [0.9376056790351868, 9.847752835412393e-08, 3.969715578477917e-07, 0.06239353120326996, 2.6945900799546507e-07, 2.0063661843039426e-09], [0.8376902341842651, 4.750749793558384e-10, 2.4757691008403526e-08, 0.1623097062110901, 6.174591948848729e-10, 6.062994373223773e-08]], "juncs_pred": [[108.65487670898438, 256.6844787597656], [86.04522705078125, 98.17754364013672], [220.1089630126953, 258.4368591308594], [108.28118896484375, 99.77278900146484], [254.9866180419922, 48.34620666503906], [212.89134216308594, 65.69757080078125], [212.33566284179688, 89.6566162109375], [0.00040352344512939453, 1.2728427648544312], [9.417533874511719e-06, 16.336563110351562], [13.981477737426758, 16.44686508178711], [81.44705963134766, 256.248291015625]], "juncs_label": [1, 2, 1, 2, 1, 2, 2, 1, 0, 0, 0], "juncs_valid_score": [0.9989736676216125, 0.9984759092330933, 0.9983833432197571, 0.997689425945282, 0.9928220510482788, 0.9897178411483765, 0.8250728249549866, 0.7904806137084961, 0.3993862271308899, 0.29774010181427, 0.16744571924209595], "juncs_label_score": [0.9989736080169678, 0.9984758496284485, 0.9983831644058228, 0.9976894855499268, 0.9928181171417236, 0.9896625280380249, 0.8089614510536194, 0.7903603911399841, 0.6006137728691101, 0.70225989818573, 0.832554280757904], "juncs_score": [[0.0010263454169034958, 0.9989736080169678, 9.235738929191939e-08], [0.0015240742359310389, 6.115715933674437e-08, 0.9984758496284485], [0.0016166411805897951, 0.9983831644058228, 2.1097213220855338e-07], [0.002310585230588913, 1.1834469515470403e-10, 0.9976894855499268], [0.007177944295108318, 0.9928181171417236, 4.017823357571615e-06], [0.010282140225172043, 5.5372158385580406e-05, 0.9896625280380249], [0.17492717504501343, 0.016111398115754128, 0.8089614510536194], [0.2095193862915039, 0.7903603911399841, 0.00012018351117148995], [0.6006137728691101, 0.39938536286354065, 8.377848530471965e-07], [0.70225989818573, 0.2977399230003357, 1.4203519071998016e-07], [0.832554280757904, 0.1674456149339676, 1.2199689081171528e-07]], "line2junc_idx": [[0, 3], [1, 4], [1, 7], [1, 8], [1, 9], [1, 10], [2, 6], [3, 4], [4, 5]]}, "104_6.npy": {"num_proposals": 1271, "filename": "104_6.npy", "width": 256, "height": 256, "lines_pred": [[113.87088012695312, 256.7530212402344, 102.08595275878906, 115.81493377685547], [0.0006399154663085938, 37.458072662353516, 102.08595275878906, 115.81493377685547], [225.99069213867188, 37.20231628417969, 250.2820281982422, 258.8861083984375], [2.3603439331054688e-05, 249.8649444580078, 0.00010955333709716797, 240.16259765625], [142.40394592285156, 257.1828918457031, 125.71112823486328, 123.26200103759766], [93.81572723388672, 256.42999267578125, 88.7514877319336, 221.39443969726562], [254.993896484375, 16.256637573242188, 102.08595275878906, 115.81493377685547], [254.993896484375, 16.256637573242188, 93.0667724609375, 117.4989242553711], [102.08595275878906, 115.81493377685547, 113.9796142578125, 245.78604125976562], [102.08595275878906, 115.81493377685547, 122.01205444335938, 105.88677978515625], [102.08595275878906, 115.81493377685547, 113.17033386230469, 229.9092559814453], [102.08595275878906, 115.81493377685547, 209.9889678955078, 37.84068298339844], [225.98892211914062, 62.977325439453125, 141.60162353515625, 118.62876892089844], [225.98892211914062, 62.977325439453125, 125.71112823486328, 123.26200103759766], [225.98892211914062, 62.977325439453125, 248.11570739746094, 238.06468200683594], [9.999975204467773, 48.94803237915039, 0.0015162229537963867, 100.72574615478516], [125.71112823486328, 123.26200103759766, 122.01205444335938, 105.88677978515625], [157.08575439453125, 2.4376015663146973, 41.97978591918945, 90.79414367675781], [41.97978591918945, 90.79414367675781, 17.9937801361084, 80.38949584960938], [161.96632385253906, 128.97930908203125, 165.6466522216797, 257.55706787109375], [245.9786834716797, 18.78986930847168, 93.0667724609375, 117.4989242553711], [9.989542007446289, 80.42516326904297, 0.001108407974243164, 177.35939025878906], [9.989542007446289, 80.42516326904297, 4.649162292480469e-06, 217.91598510742188], [9.989542007446289, 80.42516326904297, 0.00019168853759765625, 204.59841918945312], [9.989542007446289, 80.42516326904297, 0.001559138298034668, 152.22544860839844], [9.989542007446289, 80.42516326904297, 0.0006757974624633789, 197.48170471191406], [93.0667724609375, 117.4989242553711, 209.9889678955078, 37.84068298339844], [0.0006548166275024414, 117.03621673583984, 29.98832893371582, 67.85298156738281]], "lines_label": [1, 3, 0, 0, 0, 0, 3, 0, 0, 3, 1, 3, 0, 0, 0, 0, 0, 0, 0, 0, 3, 0, 0, 0, 0, 0, 0, 0], "lines_valid_score": [0.9991792440414429, 0.929233729839325, 0.12619715929031372, 0.052674829959869385, 0.05878382921218872, 0.061513423919677734, 0.9839650988578796, 0.24890244007110596, 0.12542331218719482, 0.5222957730293274, 0.7729734182357788, 0.5677281618118286, 0.1434413194656372, 0.3106057643890381, 0.05302262306213379, 0.05780857801437378, 0.06825214624404907, 0.09811562299728394, 0.15516477823257446, 0.24607574939727783, 0.604658305644989, 0.19193774461746216, 0.08144301176071167, 0.07562440633773804, 0.07001054286956787, 0.05065906047821045, 0.14385384321212769, 0.12799018621444702],